route_id,start_location,end_location,expected_distance_km,expected_duration_min,avg_fuel_consumed_liters,route_type,risk_score
R001,Madison,Indianapolis,502,537,48.16,Highway,91
R002,St. Louis,Chicago,708,119,40.16,Urban,7
R003,Cleveland,Cleveland,565,457,49.28,Rural,33
R004,Madison,Indianapolis,596,420,54.67,Urban,34
R005,Detroit,St. Louis,241,464,38.95,Urban,95
R006,Cleveland,St. Louis,98,321,58.93,Urban,87
R007,Cleveland,St. Louis,561,438,38.44,Urban,77
R008,Madison,St. Louis,66,501,40.02,Highway,31
R009,Milwaukee,St. Louis,221,236,35.51,Highway,45
R010,Detroit,Indianapolis,269,143,10.01,Urban,15
R011,Madison,Indianapolis,207,592,44.95,Rural,67
R012,Detroit,Detroit,526,140,35.11,Rural,36
R013,Detroit,Milwaukee,95,234,29.8,Rural,53
R014,Cleveland,Madison,422,81,55.08,Rural,84
R015,St. Louis,St. Louis,567,413,21.39,Urban,13
R016,Detroit,Chicago,148,569,33.8,Highway,94
R017,Indianapolis,Madison,794,323,43.37,Rural,54
R018,Cleveland,Indianapolis,86,261,48.81,Urban,47
R019,Milwaukee,Chicago,329,317,30.26,Rural,81
R020,St. Louis,Chicago,398,106,51.32,Rural,6
R021,Indianapolis,Chicago,546,386,47.29,Urban,73
R022,Indianapolis,Detroit,351,441,8.64,Highway,6
R023,Milwaukee,Indianapolis,230,63,7.52,Highway,32
R024,St. Louis,Chicago,656,221,39.14,Urban,22
R025,Cleveland,St. Louis,148,440,24.11,Highway,84
R026,Chicago,Cleveland,749,489,16.5,Urban,18
R027,St. Louis,Chicago,165,277,36.88,Urban,18
R028,Milwaukee,Detroit,240,120,23.79,Urban,35
R029,Indianapolis,Madison,302,309,34.55,Highway,28
R030,Cleveland,Indianapolis,210,499,30.31,Urban,59
R031,St. Louis,Detroit,305,428,37.16,Rural,81
R032,Chicago,Chicago,372,550,27.02,Highway,1
R033,Chicago,Indianapolis,177,411,43.37,Highway,0
R034,Detroit,Cleveland,67,188,14.9,Highway,46
R035,Detroit,Chicago,784,113,43.31,Highway,68
R036,Madison,Detroit,615,143,27.64,Rural,19
R037,Milwaukee,Milwaukee,619,440,53.09,Highway,10
R038,St. Louis,St. Louis,372,69,33.34,Highway,1
R039,St. Louis,Madison,735,513,58.52,Urban,66
R040,Madison,Detroit,675,528,38.11,Highway,86
R041,Indianapolis,Indianapolis,337,195,17.31,Rural,11
R042,Indianapolis,Chicago,712,188,50.2,Rural,19
R043,Madison,St. Louis,688,83,23.98,Rural,4
R044,Indianapolis,Chicago,204,153,24.12,Rural,36
R045,Detroit,Indianapolis,539,86,6.75,Highway,37
R046,St. Louis,Chicago,435,230,35.18,Highway,93
R047,Madison,Milwaukee,153,442,34.39,Rural,8
R048,St. Louis,St. Louis,442,267,24.58,Rural,97
R049,Chicago,St. Louis,295,177,54.18,Highway,52
R050,Detroit,Indianapolis,225,207,12.08,Rural,43
R051,Cleveland,Madison,88,259,23.16,Urban,98
R052,Detroit,Milwaukee,526,279,22.69,Rural,85
R053,Madison,Detroit,731,53,10.08,Rural,23
R054,Cleveland,Chicago,587,118,31.46,Urban,80
R055,Chicago,Cleveland,457,536,42.83,Urban,73
R056,Madison,Chicago,574,297,33.14,Highway,29
R057,Milwaukee,Chicago,555,274,13.63,Highway,58
R058,St. Louis,Detroit,85,563,25.75,Urban,86
R059,Chicago,Chicago,734,218,5.14,Urban,95
R060,St. Louis,Milwaukee,69,212,52.76,Highway,80
R061,Indianapolis,Milwaukee,370,214,9.65,Rural,80
R062,Milwaukee,St. Louis,561,437,37.85,Urban,13
R063,Milwaukee,Indianapolis,449,238,59.24,Highway,8
R064,Chicago,Madison,703,561,34.51,Rural,39
R065,Milwaukee,Cleveland,520,73,55.82,Urban,65
R066,Cleveland,Chicago,192,209,17.99,Rural,24
R067,Milwaukee,Chicago,141,466,46.8,Highway,72
R068,St. Louis,Detroit,403,383,34.22,Urban,21
R069,St. Louis,Indianapolis,776,540,44.63,Rural,3
R070,Madison,Milwaukee,100,409,8.43,Urban,25
R071,St. Louis,Cleveland,714,386,13.13,Rural,57
R072,Madison,St. Louis,747,544,12.32,Highway,28
R073,St. Louis,Milwaukee,624,555,42.79,Highway,97
R074,Cleveland,Indianapolis,239,371,51.44,Urban,86
R075,Madison,Madison,174,261,46.23,Rural,36
R076,Detroit,St. Louis,199,345,6.68,Urban,74
R077,Indianapolis,Madison,363,176,52.7,Urban,69
R078,Chicago,Detroit,619,114,24.48,Rural,17
R079,St. Louis,Detroit,391,296,26.84,Rural,84
R080,Milwaukee,Chicago,354,459,10.77,Rural,41
R081,St. Louis,Madison,741,489,45.56,Highway,99
R082,Milwaukee,Indianapolis,731,226,15.03,Urban,40
R083,Indianapolis,Cleveland,103,211,36.02,Urban,37
R084,Indianapolis,St. Louis,493,135,51.24,Highway,33
R085,Indianapolis,Milwaukee,662,575,9.91,Rural,16
R086,Milwaukee,Indianapolis,313,83,34.44,Highway,36
R087,St. Louis,Indianapolis,102,170,17.83,Highway,24
R088,Indianapolis,Detroit,621,495,23.86,Highway,75
R089,Cleveland,Madison,669,217,31.07,Urban,86
R090,Madison,Chicago,54,264,24.53,Highway,85
R091,Milwaukee,Chicago,152,102,40.69,Urban,84
R092,Milwaukee,St. Louis,245,520,31.38,Urban,26
R093,St. Louis,Detroit,399,500,37.13,Urban,56
R094,Milwaukee,Indianapolis,96,405,45.53,Rural,30
R095,Milwaukee,Cleveland,705,45,35.68,Urban,5
R096,Indianapolis,Detroit,318,431,37.26,Urban,90
R097,St. Louis,St. Louis,419,392,36.05,Rural,39
R098,Indianapolis,St. Louis,685,234,25.83,Urban,97
R099,Madison,Detroit,155,549,23.56,Highway,11
R100,Madison,St. Louis,719,235,54.48,Highway,52
R101,Indianapolis,Detroit,708,552,38.42,Urban,70
R102,Madison,Milwaukee,706,413,18.44,Rural,9
R103,St. Louis,Detroit,169,453,32.4,Highway,44
R104,Chicago,Madison,653,161,23.17,Rural,16
R105,Indianapolis,Detroit,107,178,56.35,Rural,25
R106,Cleveland,St. Louis,395,102,5.41,Highway,84
R107,Cleveland,Madison,790,217,17.39,Rural,91
R108,Milwaukee,St. Louis,523,193,25.09,Highway,61
R109,Madison,Chicago,166,124,31.83,Rural,45
R110,Cleveland,Chicago,176,257,51.79,Highway,63
R111,Milwaukee,Madison,442,247,9.83,Urban,1
R112,Chicago,Milwaukee,690,273,49.32,Highway,53
R113,St. Louis,Chicago,107,271,8.06,Highway,64
R114,St. Louis,Detroit,683,576,51.33,Highway,50
R115,St. Louis,St. Louis,562,485,7.84,Highway,52
R116,Cleveland,Chicago,145,446,6.0,Rural,35
R117,Chicago,Chicago,687,91,43.33,Urban,25
R118,Cleveland,Milwaukee,167,277,59.85,Highway,28
R119,Madison,Madison,609,349,54.31,Rural,20
R120,Cleveland,Madison,650,570,36.68,Urban,10
R121,Chicago,Indianapolis,537,187,55.46,Urban,39
R122,Chicago,Milwaukee,286,459,5.29,Urban,10
R123,Madison,Detroit,321,557,58.63,Urban,35
R124,Chicago,Madison,238,417,31.99,Highway,58
R125,Chicago,St. Louis,753,303,44.76,Highway,38
R126,St. Louis,Milwaukee,496,515,50.15,Rural,98
R127,Madison,Chicago,630,56,44.52,Rural,53
R128,Detroit,St. Louis,296,374,34.43,Rural,97
R129,Detroit,St. Louis,125,402,31.21,Urban,54
R130,Chicago,Chicago,203,452,51.12,Urban,23
R131,Detroit,Milwaukee,705,417,16.28,Highway,21
R132,Detroit,Chicago,484,52,58.24,Urban,68
R133,Chicago,Indianapolis,135,166,44.1,Urban,55
R134,Detroit,St. Louis,746,392,15.97,Urban,32
R135,Cleveland,Cleveland,334,134,45.49,Rural,35
R136,Milwaukee,Cleveland,269,360,34.14,Rural,19
R137,Madison,Detroit,118,222,43.9,Highway,82
R138,Milwaukee,Madison,96,584,47.23,Urban,98
R139,Chicago,Chicago,143,85,9.8,Urban,80
R140,St. Louis,Chicago,799,546,32.84,Highway,61
R141,Madison,Detroit,502,189,56.26,Urban,97
R142,Chicago,Detroit,253,245,22.64,Urban,72
R143,St. Louis,Detroit,267,505,37.66,Rural,25
R144,Milwaukee,St. Louis,523,591,25.31,Highway,65
R145,Chicago,Indianapolis,481,297,29.98,Highway,72
R146,Madison,Chicago,390,434,35.17,Highway,72
R147,Madison,St. Louis,600,300,35.19,Highway,39
R148,Indianapolis,Detroit,661,494,16.1,Rural,16
R149,Cleveland,Chicago,338,54,42.65,Rural,0
R150,Detroit,St. Louis,303,286,9.83,Urban,88
R151,St. Louis,Indianapolis,783,295,12.64,Urban,60
R152,Indianapolis,St. Louis,406,49,5.15,Urban,42
R153,Detroit,Indianapolis,72,163,11.42,Urban,41
R154,Detroit,Detroit,571,418,31.02,Rural,24
R155,Chicago,Indianapolis,149,109,38.34,Highway,38
R156,Detroit,Chicago,229,190,48.69,Rural,34
R157,Cleveland,Detroit,272,268,10.87,Urban,2
R158,Madison,Chicago,708,283,51.79,Rural,100
R159,Indianapolis,Cleveland,491,221,46.03,Highway,43
R160,Detroit,Milwaukee,657,326,27.47,Highway,50
R161,Chicago,Indianapolis,374,107,56.31,Rural,93
R162,Cleveland,Milwaukee,565,261,59.5,Rural,97
R163,Milwaukee,Milwaukee,65,505,16.28,Rural,11
R164,Madison,Indianapolis,385,149,25.86,Urban,18
R165,Madison,Detroit,307,143,55.95,Rural,100
R166,Indianapolis,Cleveland,546,555,44.69,Rural,43
R167,Madison,Chicago,209,429,7.65,Rural,58
R168,Detroit,St. Louis,524,449,47.98,Highway,48
R169,Chicago,Chicago,713,562,50.54,Highway,60
R170,Madison,St. Louis,739,520,46.28,Urban,16
R171,Madison,Chicago,724,481,48.97,Urban,73
R172,Milwaukee,Indianapolis,429,67,50.38,Highway,56
R173,Milwaukee,Cleveland,594,502,15.25,Highway,54
R174,St. Louis,St. Louis,740,127,17.96,Highway,46
R175,Cleveland,Madison,476,189,39.86,Rural,11
R176,Detroit,Detroit,662,129,54.93,Rural,61
R177,Madison,Chicago,317,122,22.39,Highway,79
R178,Madison,Chicago,626,501,37.36,Rural,87
R179,Chicago,St. Louis,466,45,42.56,Rural,82
R180,St. Louis,Detroit,217,95,29.86,Urban,7
R181,Cleveland,Detroit,92,490,44.26,Highway,94
R182,St. Louis,Indianapolis,605,493,54.48,Highway,20
R183,Indianapolis,Madison,334,532,39.33,Rural,80
R184,Cleveland,Indianapolis,446,78,34.69,Highway,86
R185,Madison,Indianapolis,61,392,29.13,Urban,100
R186,Madison,Indianapolis,656,139,36.76,Urban,79
R187,Cleveland,Indianapolis,351,116,24.54,Urban,69
R188,Madison,Indianapolis,302,595,26.53,Highway,71
R189,Detroit,Cleveland,548,198,34.25,Highway,24
R190,Cleveland,Detroit,84,294,8.66,Highway,81
R191,St. Louis,Indianapolis,776,482,17.6,Highway,88
R192,Cleveland,Detroit,139,162,34.86,Highway,11
R193,Madison,Detroit,654,350,28.73,Urban,14
R194,Detroit,Milwaukee,651,312,23.3,Rural,58
R195,Detroit,Cleveland,467,98,45.18,Urban,25
R196,Indianapolis,Indianapolis,164,280,43.15,Highway,25
R197,St. Louis,Chicago,666,433,14.17,Urban,46
R198,Milwaukee,St. Louis,245,445,53.32,Highway,31
R199,Milwaukee,Madison,550,347,32.25,Highway,9
R200,Cleveland,Chicago,675,251,45.78,Urban,15
